Material ID,SYSTEM NAME,MOBILE SYSTEM OR FIXED SYSTEM?,TARGET (SRS READY)
ACU101,ACUSON 1,MOBILE SYSTEM,0.25
ACU102,ACUSON 2,MOBILE SYSTEM,0.25
ACU103,ACUSON 3,MOBILE SYSTEM,0.25
ACU104,ACUSON 4,MOBILE SYSTEM,0.25
ACU105,ACUSON 5,MOBILE SYSTEM,0.25
ACU106,ACUSON 6,MOBILE SYSTEM,0.25
ACU107,ACUSON 7,MOBILE SYSTEM,0.25
ACU108,ACUSON 8,MOBILE SYSTEM,0.25
ACU109,ACUSON 9,MOBILE SYSTEM,0.25
ARC110,ARCADIS,MOBILE SYSTEM,0.25
ART111,ARTIS 1,FIXED SYSTEM,0.87
ART112,ARTIS 2,FIXED SYSTEM,0.87
ART113,ARTIS 3,FIXED SYSTEM,0.87
ART114,ARTIS 4,FIXED SYSTEM,0.87
ART115,ARTIS 5,FIXED SYSTEM,0.87
CIO116,CIOS,MOBILE SYSTEM,0.25
LUM117,LUMINOS,FIXED SYSTEM,0.87
MAG118,MAGNETOM 1,FIXED SYSTEM,0.87
MAG119,MAGNETOM 2,FIXED SYSTEM,0.87
MAG120,MAGNETOM 3,FIXED SYSTEM,0.87
MAG121,MAGNETOM 4,FIXED SYSTEM,0.87
MAG122,MAGNETOM 5,FIXED SYSTEM,0.87
MAG123,MAGNETOM 6,FIXED SYSTEM,0.87
MAG124,MAGNETOM 7,FIXED SYSTEM,0.87
MAG125,MAGNETOM 8,FIXED SYSTEM,0.87
MAG126,MAGNETOM 9,FIXED SYSTEM,0.87
MAG127,MAGNETON 10,FIXED SYSTEM,0.87
MAG128,MAGNETON 11,FIXED SYSTEM,0.87
MAG129,MAGNETON 12,FIXED SYSTEM,0.87
MAG130,MAGNETON 13,FIXED SYSTEM,0.87
MAG131,MAGNETON 14,FIXED SYSTEM,0.87
MAG132,MAGNETON 15,FIXED SYSTEM,0.87
MAG133,MAGNETON 16,FIXED SYSTEM,0.87
MAG134,MAGNETON 17,FIXED SYSTEM,0.87
MAG135,MAGNETON 18,FIXED SYSTEM,0.87
MAG136,MAGNETON 19,FIXED SYSTEM,0.87
MAM137,MAMMOMAT 1,FIXED SYSTEM,0.87
MAM138,MAMMOMAT 2,FIXED SYSTEM,0.87
MAM139,MAMMOMAT 3,FIXED SYSTEM,0.87
MAM140,MAMMOMAT 4,FIXED SYSTEM,0.87
MOB141,MOBILLET,MOBILE SYSTEM,0.25
MUL142,MULTIX,FIXED SYSTEM,0.87
NUC143,NUCLEAR 1,FIXED SYSTEM,0.87
NUC144,NUCLEAR 10,FIXED SYSTEM,0.87
NUC145,NUCLEAR 11,FIXED SYSTEM,0.87
NUC146,NUCLEAR 12,FIXED SYSTEM,0.87
NUC147,NUCLEAR 13,FIXED SYSTEM,0.87
NUC148,NUCLEAR 14,FIXED SYSTEM,0.87
NUC149,NUCLEAR 2,FIXED SYSTEM,0.87
NUC150,NUCLEAR 3,FIXED SYSTEM,0.87
NUC151,NUCLEAR 4,FIXED SYSTEM,0.87
NUC152,NUCLEAR 5,FIXED SYSTEM,0.87
NUC153,NUCLEAR 6,FIXED SYSTEM,0.87
NUC154,NUCLEAR 7,FIXED SYSTEM,0.87
NUC155,NUCLEAR 8,FIXED SYSTEM,0.87
NUC156,NUCLEAR 9,FIXED SYSTEM,0.87
SOM157,SOMATOM 1,FIXED SYSTEM,0.87
SOM158,SOMATOM 10,FIXED SYSTEM,0.87
SOM159,SOMATOM 11,FIXED SYSTEM,0.87
SOM160,SOMATOM 12,FIXED SYSTEM,0.87
SOM161,SOMATOM 13,FIXED SYSTEM,0.87
SOM162,SOMATOM 14,FIXED SYSTEM,0.87
SOM163,SOMATOM 15,FIXED SYSTEM,0.87
SOM164,SOMATOM 16,FIXED SYSTEM,0.87
SOM165,SOMATOM 2,FIXED SYSTEM,0.87
SOM166,SOMATOM 3,FIXED SYSTEM,0.87
SOM167,SOMATOM 4,FIXED SYSTEM,0.87
SOM168,SOMATOM 5,FIXED SYSTEM,0.87
SOM169,SOMATOM 6,FIXED SYSTEM,0.87
SOM170,SOMATOM 7,FIXED SYSTEM,0.87
SOM171,SOMATOM 8,FIXED SYSTEM,0.87
SOM172,SOMATOM 9,FIXED SYSTEM,0.87
SYN173,SYNGO 1,FIXED SYSTEM,0.87
SYN174,SYNGO 2,FIXED SYSTEM,0.87
SYN175,SYNGO 3,FIXED SYSTEM,0.87
YSI176,YSIO,FIXED SYSTEM,0.87
